id,scientific_name,japanese_name,family_id
20,Abrothallus,,26
21,Acarospora,,27
22,Eiglera,,27
23,Myriospora,,27
24,Sarcogyne,,27
25,Acaulospora,,28
26,Acrodictys,,29
27,Acrogenospora,,30
28,Acrospermum,,31
29,Agaricus,ハラタケ属,32
30,Arachnion,,32
31,Chamaemyces,,32
32,Chlorophyllum,,32
33,Coprinus,ヒトヨタケ属,32
34,Crucispora,,32
35,Cyathus,,32
36,Cystodermella,,32
37,Cystolepiota,,32
38,Disciseda,,32
39,Echinoderma,,32
40,Japonogaster,,32
41,Lepiota,,32
42,Leucoagaricus,,32
43,Leucocoprinus,,32
44,Leucopholiota,,32
45,Lycoperdon,ホコリタケ属,32
46,Macrolepiota,オニカラカサタケ属,32
47,Melanophyllum,,32
48,Micropsalliota,,32
49,Nidula,,32
50,Nidularia,,32
51,Podaxis,,32
52,Queletia,,32
53,Ripartitella,,32
54,Tulostoma,,32
55,Pseudobensingtonia,,33
56,Sterigmatomyces,,33
57,Xylographa,,34
58,Aigialus,,35
59,Fissuroma,,35
60,Ajellomyces,,36
61,Emmonsiellopsis,,36
62,Histoplasma,,36
63,Paracoccidioides,,36
64,Albatrellopsis,,37
65,Albatrellus,,37
66,Neoalbatrellus,,37
67,Scutiger,,37
68,Amanita,テングタケ属,38
69,Limacella,,38
70,Zhuliangomyces,,38
71,Ambispora,,39
72,Amicodisca,,40
73,Fouskomenomyces,,41
74,Murispora,,41
75,Pseudomassariosphaeria,,41
76,Amphisphaeria,,42
77,Beltraniella,,42
78,Ceratosporium,,42
79,Immersidiscosia,,42
80,Microdochium,,42
81,Monochaetia,,42
82,Synnemapestaloides,,42
83,Neoacrodontium,,43
84,Wallrothiella,,43
85,Anomoloma,,44
86,Anomoporia,,44
87,Plicaturopsis,,44
88,Conidiobolus,,45
89,Anthracoidea,,46
90,Cintractia,,46
91,Leucocintractia,,46
92,Moreaua,,46
93,Pilocintractia,,46
94,Tolyposporium,,46
95,Ustanciosporium,,46
96,Apiospora,,47
97,Arthrinium,,47
98,Cordella,,47
99,Spegazzinia,,47
100,Aplosporella,,48
101,Aporpium,,49
102,Aquasubmersa,,50
103,Arachnopeziza,,51
104,Parachnopeziza,,51
105,Archaeorhizomyces,,52
106,Archaeospora,,53
107,Arctomia,,54
108,Armatella,,55
109,Arthonia,,56
110,Arthothelium,,56
111,Bryostigma,,56
112,Coniarthonia,,56
113,Coniocarpon,,56
114,Eremothecella,,56
115,Herpothallon,,56
116,Inoderma,,56
117,Sporodophoron,,56
118,Synarthonia,,56
119,Arthroderma,,57
120,Epidermophyton,,57
121,Microsporum,,57
122,Nannizzia,,57
123,Paraphyton,,57
124,Trichophyton,,57
125,Arthrorhaphis,,58
126,Ascobolus,,59
127,Saccobolus,,59
128,Thecotheus,,59
129,Ascocorticium,,60
130,Ascodesmis,,61
131,Cephaliophora,,61
132,Eleutherascus,,61
133,Lasiobolus,,61
134,Pulchromyces,,61
135,Ascosphaera,,62
136,Bettsia,,62
137,Aspergillus,,63
138,Chromocleista,,63
139,Dendrosphaera,,63
140,Emericella,,63
141,Eurotium,,63
142,Hamigera,,63
143,Leiothecium,,63
144,Neocarpenteles,,63
145,Neosartorya,,63
146,Paecilomyces,,63
147,Penicilliopsis,,63
148,Penicillium,,63
149,Phialomyces,,63
150,Pseudopenicillium,,63
151,Rasamsonia,,63
152,Sagenomella,,63
153,Talaromyces,,63
154,Asterina,,64
155,Dothidasteromella,,64
156,Echidnodella,,64
157,Englera,,64
158,Halbania,,64
159,Lembosia,,64
160,Morenoina,,64
161,Asterosporium,,65
162,Astrosphaeriella,,66
163,Pithomyces,,66
164,Amphinema,,67
165,Athelia,,67
166,Athelopsis,,67
167,Byssocorticium,,67
168,Fibulomyces,,67
169,Leptosporomyces,,67
170,Lyoathelia,,67
171,Melzericium,,67
172,Piloderma,,67
173,Tylospora,,67
174,Atractospora,,68
175,Amphistereum,,69
176,Auricularia,キクラゲ属,69
177,Eichleriella,,69
178,Elmerina,,69
179,Exidia,,69
180,Exidiopsis,,69
181,Grammatus,,69
182,Heterochaete,,69
183,Protodaedalea,,69
184,Tremellochaete,,69
185,Artomyces,,70
186,Auriscalpium,,70
187,Lentinellus,,70
188,Monilochaetes,,71
189,Backusella,,72
190,Ainoa,,73
191,Baeomyces,,73
192,Balladyna,,74
193,Magnicamarosporium,,75
194,Boletopsis,,76
195,Calodon,,76
196,Hydnellum,,76
197,Sarcodon,,76
198,Bartalinia,,77
199,Bartheletia,,78
200,Basidiobolus,,79
201,Beltrania,,80
202,Bertia,,81
203,Catathelasma,,82
204,Acremonium,,83
205,Bionectria,,83
206,Caespitomonium,,83
207,Clonostachys,,83
208,Didymostilbe,,83
209,Geosmithia,,83
210,Gliomastix,,83
211,Heleococcum,,83
212,Ijuhya,,83
213,Kallichroma,,83
214,Lasionectria,,83
215,Mycocitrus,,83
216,Nectriopsis,,83
217,Ovicillium,,83
218,Peristomialis,,83
219,Stephanonectria,,83
220,Valsonectria,,83
221,Verrucostoma,,83
222,Bolbitius,,84
223,Conocybe,,84
224,Descolea,,84
225,Panaeolina,,84
226,Panaeolus,,84
227,Amoenoboletus,,85
228,Anthracoporus,,85
229,Aureoboletus,,85
230,Austroboletus,,85
231,Baorangia,,85
232,Boletellus,,85
233,Boletus,ヤマドリタケ属,85
234,Buchwaldoboletus,,85
235,Butyriboletus,,85
236,Caloboletus,,85
237,Chalciporus,,85
238,Chamonixia,,85
239,Chiua,,85
240,Crocinoboletus,,85
241,Cyanoboletus,,85
242,Exsudoporus,,85
243,Fistulinella,,85
244,Harrya,,85
245,Heimioporus,,85
246,Heliogaster,,85
247,Hemileccinum,,85
248,Hortiboletus,,85
249,Imleria,,85
250,Lanmaoa,,85
251,Leccinellum,,85
252,Leccinum,,85
253,Mucilopilus,,85
254,Neoboletus,,85
255,Octaviania,,85
256,Parvixerocomus,,85
257,Phylloporus,,85
258,Porphyrellus,,85
259,Pseudoaustroboletus,,85
260,Pseudoboletus,,85
261,Pulveroboletus,,85
262,Retiboletus,,85
263,Rossbeevera,,85
264,Rubinoboletus,,85
265,Rugiboletus,,85
266,Strobilomyces,,85
267,Suillellus,,85
268,Sutorius,,85
269,Turmalinea,,85
270,Tylopilus,ニガイグチ属,85
271,Xanthoconium,,85
272,Xerocomellus,,85
273,Xerocomus,,85
274,Boletinellus,,86
275,Camarops,,87
276,Bombardia,,88
277,Ramophialophora,,88
278,Bondarzewia,,89
279,Gloiodon,,89
280,Heterobasidion,,89
281,Laurilia,,89
282,Lauriliella,,89
283,Stecchericium,,89
284,Wrightoporia,,89
285,Botryobasidium,,90
286,Haplotrichum,,90
287,Auerswaldiella,,91
288,Botryosphaeria,,91
289,Diplodia,,91
290,Dothiora,,91
291,Dothiorella,,91
292,Fusicoccum,,91
293,Lasiodiplodia,,91
294,Macrophoma,,91
295,Macrophomina,,91
296,Microdiplodia,,91
297,Neofusicoccum,,91
298,Neoscytalidium,,91
299,Septorioides,,91
300,Sphaeropsis,,91
301,Dicellomyces,,92
302,Kordyana,,92
303,Meira,,92
304,Brigantiaea,,93
305,Bryoglossum,,94
306,Neocudoniella,,94
307,Buckleyzyma,,95
308,Bulgaria,,96
309,Holwaya,,96
310,Bullera,,97
311,Pseudotremella,,97
312,Bulleribasidium,,98
313,Derxomyces,,98
314,Hannaella,,98
315,Vishniacozyma,,98
316,Barubria,,99
317,Byssolecania,,99
318,Byssoloma,,99
319,Calopadia,,99
320,Eugeniella,,99
321,Fellhanera,,99
322,Fellhaneropsis,,99
323,Lasioloma,,99
324,Leimonis,,99
325,Micarea,,99
326,Sporopodium,,99
327,Tapellaria,,99
328,Arecophila,,100
329,Endocalyx,,100
330,Calcarisporium,,101
331,Calcarisporiella,,102
332,Acroscyphus,,103
333,Amandinea,,103
334,Buellia,,103
335,Calicium,,103
336,Cratiria,,103
337,Diploicia,,103
338,Diplotomma,,103
339,Dirinaria,,103
340,Pyxine,,103
341,Sculptolumina,,103
342,Callistosporium,,104
343,Macrocybe,,104
344,Hyalacrotes,,105
345,Leohumicola,,105
346,Caloscypha,,106
347,Jattaea,,107
348,Natantiella,,107
349,Calostoma,,108
350,Camarosporium,,109
351,Camarosporidiella,,110
352,Glaciozyma,,111
353,Cancellidium,,112
354,Candelaria,,113
355,Candelariella,,113
356,Aithaloderma,,114
357,Apiosporium,,114
358,Astragoxyphium,,114
359,Capnodium,,114
360,Capnophaeum,,114
361,Hypocapnodium,,114
362,Leptoxyphium,,114
363,Phaeocryptopus,,114
364,Tripospermum,,114
365,Carbonicola,,115
366,Caryospora,,116
367,Castanediella,,117
368,Catenomyces,,118
369,Catillaria,,119
370,Cenangium,,120
371,Chlorencoelia,,120
372,Encoelia,,120
373,Heyderia,,120
374,Mitrula,,120
375,Trochila,,120
376,Cephaloascus,,121
377,Albertiniella,,122
378,Phialemonium,,122
379,Ceratobasidium,,123
380,Ceratorhiza,,123
381,Rhizoctonia,,123
382,Thanatephorus,,123
383,Ambrosiella,,124
384,Berkeleyomyces,,124
385,Catunica,,124
386,Ceratocystis,,124
387,Endoconidiophora,,124
388,Grosmannia,,124
389,Ophiostoma,,124
390,Thielavia,,124
391,Toshionella,,124
392,Autoicomyces,,125
393,Ceratosphaeria,,126
394,Acrospeira,,127
395,Arxiomyces,,127
396,Harzia,,127
397,Melanospora,,127
398,Microthecium,,127
399,Papulaspora,,127
400,Pteridiosperma,,127
401,Sphaerodes,,127
402,Cerinomyces,,128
403,Cerrena,,129
404,Pseudospongipellis,,129
405,Raduliporus,,129
406,Aplopsora,,130
407,Ceraceopsora,,130
408,Maravalia,,130
409,Chaetomella,,131
410,Discohainesia,,131
411,Pilidium,,131
412,Sclerotiopsis,,131
413,Sphaerographium,,131
414,Achaetomiella,,132
415,Achaetomium,,132
416,Acrophialophora,,132
417,Amesia,,132
418,Arcopilus,,132
419,Arxotrichum,,132
420,Botryotrichum,,132
421,Chaetomidium,,132
422,Chaetomium,,132
423,Collariella,,132
424,Dichotomopilus,,132
425,Humicola,,132
426,Ovatospora,,132
427,Parachaetomium,,132
428,Pseudohumicola,,132
429,Pseudothielavia,,132
430,Retroconis,,132
431,Staphylotrichum,,132
432,Stellatospora,,132
433,Thermothelomyces,,132
434,Thermothielavioides,,132
435,Trichocladium,,132
436,Xanthiomyces,,132
437,Chaetosphaerella,,133
438,Diplosporium,,133
439,Arcuatospora,,134
440,Chaetosphaeria,,134
441,Chloridium,,134
442,Codinaeella,,134
443,Conicomyces,,134
444,Cryptophiale,,134
445,Cylindrotrichum,,134
446,Dendrophoma,,134
447,Dictyochaeta,,134
448,Dictyochaetopsis,,134
449,Ellisembia,,134
450,Exserticlava,,134
451,Menisporopsis,,134
452,Miyoshiella,,134
453,Multiguttulispora,,134
454,Neopseudolachnella,,134
455,Paragaeumannomyces,,134
456,Phialosporostilbe,,134
457,Pseudodinemasporium,,134
458,Pseudolachnea,,134
459,Pseudolachnella,,134
460,Sporoschisma,,134
461,Tainosphaeria,,134
462,Thozetella,,134
463,Ballistosporomyces,,135
464,Cystobasidiopsis,,135
465,Kurtzmanomyces,,135
466,Mycogloea,,135
467,Chlorociboria,,136
468,Chlorosplenium,,137
469,Choanephora,,138
470,Gilbertella,,138
471,Poitrasia,,138
472,Chorioactis,,139
473,Desmazierella,,139
474,Phaeosolenia,,140
475,Chrysothrix,,141
476,Galbinothrix,,141
477,Melarthonis,,141
478,Bannozyma,,142
479,Chrysozyma,,142
480,Fellozyma,,142
481,Oberwinklerozyma,,142
482,Sampaiozyma,,142
483,Slooffia,,142
484,Spencerozyma,,142
485,Yunzhangia,,142
486,Algochytrops,,143
487,Zygorhizidium,,143
488,Chytriomyces,,144
489,Pendulichytrium,,144
490,Rhizoclosmatium,,144
491,Cladochytrium,,145
492,Cladia,,146
493,Cladonia,,146
494,Gymnoderma,,146
495,Pilophorus,,146
496,Thysanothecium,,146
497,Cladosporium,,147
498,Rachicladosporium,,147
499,Toxicocladosporium,,147
500,Camarophyllopsis,,148
501,Clavaria,,148
502,Clavulinopsis,,148
503,Hodophilus,,148
504,Mucronella,,148
505,Ramariopsis,,148
506,Clavariadelphus,,149
507,Aciculosporium,,150
508,Albomyces,,150
509,Aschersonia,,150
510,Atkinsonella,,150
511,Balansia,,150
512,Claviceps,,150
513,Commelinaceomyces,,150
514,Conoideocrella,,150
515,Drechmeria,,150
516,Ephelis,,150
517,Epichloe,,150
518,Harposporium,,150
519,Heteroepichloe,,150
520,Hypocrella,,150
521,Keithomyces,,150
522,Loculistroma,,150
523,Marquandomyces,,150
524,Metacordyceps,,150
525,Metapochonia,,150
526,Metarhizium,,150
527,Moelleriella,,150
528,Nigelia,,150
529,Nigrocornus,,150
530,Nomuraea,,150
531,Ophiodothis,,150
532,Pochonia,,150
533,Shimizuomyces,,150
534,Sphacelia,,150
535,Ustilaginoidea,,150
536,Yosiokobayasia,,150
537,Coccocarpia,,151
538,Spilonema,,151
539,Coccodiscus,,152
540,Coccoidea,,152
541,Coccotrema,,153
542,Euryancale,,154
543,Cocoonihabitus,,155
544,Coelomomyces,,156
545,Coenogonium,,157
546,Dimerella,,157
547,Colacogloea,,158
548,Chrysomyxa,,159
549,Coleosporium,,159
550,Hiratsukaia,,159
551,Rossmanomyces,,159
552,Blennothallia,,160
553,Collema,,160
554,Enchylium,,160
555,Lathagrium,,160
556,Leptogium,,160
557,Rostania,,160
558,Scytinium,,160
559,Collimyces,,161
560,Coniochaeta,,162
561,Lecythophora,,162
562,Chaenotheca,,163
563,Sclerophora,,163
564,Coniophora,,164
565,Gyrodontium,,164
566,Penttilamyces,,164
567,Conioscypha,,165
568,Coniosporium,,166
569,Coniothyrium,,167
570,Uleomyces,,168
571,Cordana,,169
572,Cordierites,,170
573,Diplocarpa,,170
574,Diplolaeviopsis,,170
575,Midotiopsis,,170
576,Skyttea,,170
577,Unguiculariopsis,,170
578,Akanthomyces,,171
579,Beauveria,,171
580,Blackwellomyces,,171
581,Cordyceps,,171
582,Engyodontium,,171
583,Flavocillium,,171
584,Gibellula,,171
585,Hevansia,,171
586,Isaria,,171
587,Lecanicillium,,171
588,Leptobacillium,,171
589,Parengyodontium,,171
590,Rotiferophthora,,171
591,Simplicillium,,171
592,Torrubiella,,171
593,Corticium,,172
594,Laetisaria,,172
595,Leptocorticium,,172
596,Lyomyces,,172
597,Marchandiomyces,,172
598,Necator,,172
599,Waitea,,172
600,Aureonarius,,173
601,Calonarius,,173
602,Cortinarius,フウセンタケ属,173
603,Cystinarius,,173
604,Phlegmacium,,173
605,Protoglossum,,173
606,Thaxterogaster,,173
607,Coryneum,,174
608,Caliciopsis,,175
609,Corynelia,,175
610,Corynespora,,176
611,Crepidotus,,177
612,Simocybe,,177
613,Cronartium,,178
614,Peridermium,,178
615,Quasipucciniastrum,,178
616,Cryphonectria,,179
617,Endothia,,179
618,Endothiella,,179
619,Microthia,,179
620,Acaromyces,,180
621,Clinoconidium,,180
622,Cryptococcus,,181
623,Dioszegia,,181
624,Kwoniella,,181
625,Cryptocoryneum,,182
626,Cucurbitaria,,183
627,Curreya,,183
628,Neocucurbitaria,,183
629,Pyrenochaeta,,183
630,Pyrenochaetopsis,,183
631,Cudonia,,184
632,Pachycudonia,,184
633,Spathularia,,184
634,Spathulariopsis,,184
635,Cuniculitrema,,185
636,Fellomyces,,185
637,Kockovaella,,185
638,Absidia,,186
639,Cunninghamella,,186
640,Gongronella,,186
641,Cyclothyriella,,187
642,Cylindrium,,188
643,Cylindrosympodium,,189
644,Sympodiella,,189
645,Chondrostereum,,190
646,Cyphella,,190
647,Gloeostereum,,190
648,Granulobasidium,,190
649,Anthopsis,,191
650,Cyphellophora,,191
651,Cystobasidium,,192
652,Cystofilobasidium,,193
653,Calocera,,194
654,Dacrymyces,,194
655,Dacryopinax,,194
656,Dacryoscyphus,,194
657,Dendrodacrys,,194
658,Ditiola,,194
659,Femsjonia,,194
660,Guepiniopsis,,194
661,Heterotextus,,194
662,Gloeocystidium,,195
663,Jahnoporus,,195
664,Osteina,,195
665,Postia,,195
666,Ptychogaster,,195
667,Spongiporus,,195
668,Paruephaedria,,196
669,Pseudobactrodesmium,,196
670,Dichocladosporium,,197
671,Candida,,198
672,Hyphopichia,,198
673,Meyerozyma,,198
674,Millerozyma,,198
675,Peterozyma,,198
676,Priceomyces,,198
677,Scheffersomyces,,198
678,Yamadazyma,,198
679,Coleophoma,,199
680,Cryptosporiopsis,,199
681,Dermea,,199
682,Everhartia,,199
683,Monostichella,,199
684,Neofabraea,,199
685,Pezicula,,199
686,Phlyctema,,199
687,Podophacidium,,199
688,Rhizodermea,,199
689,Trichosporiella,,199
690,Diaporthe,,200
691,Mazzantia,,200
692,Phaeocytostroma,,200
693,Phomopsis,,200
694,Allocryptovalsa,,201
695,Cryptovalsa,,201
696,Diatrype,,201
697,Diatrypella,,201
698,Eutypa,,201
699,Eutypella,,201
700,Monosporascus,,201
701,Paraeutypella,,201
702,Peroneutypa,,201
703,Peroneutypella,,201
704,Phaeoisaria,,201
705,Dictyocheirospora,,202
706,Dictyosporium,,202
707,Gregarithecium,,202
708,Pseudocoleophoma,,202
709,Ascochyta,,203
710,Boeremia,,203
711,Didymella,,203
712,Epicoccum,,203
713,Leptosphaerulina,,203
714,Microsphaeropsis,,203
715,Neoascochyta,,203
716,Paraboeremia,,203
717,Peyronellaea,,203
718,Phoma,,203
719,Remotididymella,,203
720,Stagonosporopsis,,203
721,Cytoplea,,204
722,Didymosphaeria,,204
723,Montagnula,,204
724,Neokalmusia,,204
725,Paraconiothyrium,,204
726,Paraphaeosphaeria,,204
727,Pseudopithomyces,,204
728,Verruculina,,204
729,Astraeus,,205
730,Diplogelasinospora,,206
731,Dipodascus,,207
732,Geotrichum,,207
733,Magnusiomyces,,207
734,Saprochaete,,207
735,Trichosporon,,207
736,Yarrowia,,207
737,Discina,,208
738,Gyromitra,,208
739,Hydnotrya,,208
740,Maublancomyces,,208
741,Gyoerffyella,,209
742,Lemonniera,,209
743,Pezoloma,,209
744,Varicosporium,,209
745,Adisciso,,210
746,Discosia,,210
747,Distoseptispora,,211
748,Diversispora,,212
749,Burrillia,,213
750,Doassansia,,213
751,Nannfeldtiomyces,,213
752,Doassansiopsis,,214
753,Dothidea,,215
754,Gonatobotryum,,215
755,Stylodothis,,215
756,Vestergrenia,,215
757,Pleiochaeta,,216
758,Hormonema,,217
759,Japonia,,217
760,Sydowia,,217
761,Yoshinagaia,,217
762,Diplocarpon,,218
763,Drepanopeziza,,218
764,Gloeosporium,,218
765,Leptotrochila,,218
766,Marssonina,,218
767,Pseudopeziza,,218
768,Sporonema,,218
769,Eballistra,,219
770,Amylostereum,,220
771,Echinodontiellum,,220
772,Echinodontium,,220
773,Larssoniporia,,220
774,Elaphomyces,,221
775,Pseudotulostoma,,221
776,Elixia,,222
777,Elsinoe,,223
778,Sphaceloma,,223
779,Endogone,,224
780,Jimgerdemannia,,224
781,Vinositunica,,224
782,Endoraecium,,225
783,Ontotelium,,225
784,Clypeolella,,226
785,Rhytidenglerula,,226
786,Clitocella,,227
787,Clitopilus,,227
788,Entocybe,,227
789,Entoloma,イッポンシメジ属,227
790,Rhodocybe,,227
791,Rhodophana,,227
792,Entomophaga,,228
793,Entomophthora,,228
794,Erynia,,228
795,Massospora,,228
796,Pandora,,228
797,Juncorrhiza,,229
798,Entrophospora,,230
799,Entyloma,,231
800,Entylomella,,231
801,Tilletiopsis,,231
802,Eocronartium,,232
803,Herpobasidium,,232
804,Epibryon,,233
805,Eremothecium,,234
806,Blumeria,,235
807,Cystotheca,,235
808,Erysiphe,,235
809,Fibroidium,,235
810,Golovinomyces,,235
811,Leveillula,,235
812,Microsphaera,,235
813,Neoerysiphe,,235
814,Oidium,,235
815,Parauncinula,,235
816,Phyllactinia,,235
817,Pleochaeta,,235
818,Podosphaera,,235
819,Pseudoidium,,235
820,Sawadaea,,235
821,Sphaerotheca,,235
822,Bannoa,,236
823,Erythrobasidium,,236
824,Dendrostoma,,237
825,Exobasidium,,239
826,Fibroporia,,240
827,Filobasidium,,241
828,Goffeauzyma,,241
829,Naganishia,,241
830,Syzygospora,,241
831,Fistulina,,242
832,Antherospora,,243
833,Antrodia,,244
834,Auriporia,,244
835,Brunneoporus,,244
836,Buglossoporus,,244
837,Climacocystis,,244
838,Daedalea,,244
839,Fomitopsis,,244
840,Neoantrodia,,244
841,Niveoporofomes,,244
842,Pilatoporus,,244
843,Piptoporellus,,244
844,Ranadivia,,244
845,Resinoporia,,244
846,Rhodofomes,,244
847,Rhodofomitopsis,,244
848,Wolfiporia,,244
849,Fuscidea,,245
850,Maronea,,245
851,Orphniospora,,245
852,Fuscostagonospora,,246
853,Gallacea,,247
854,Sanguinoderma,,248
855,Gastrosporium,,249
856,Geastrum,ツチグリ属,250
857,Nidulariopsis,,250
858,Sphaerobolus,,250
859,Ascocoryne,,251
860,Ascotremella,,251
861,Chloroscypha,,251
862,Neobulgaria,,251
863,Ombrophila,,251
864,Cinereomyces,,252
865,Basidioascus,,253
866,Geoglossum,,254
867,Glutinoglossum,,254
868,Hemileucoglossum,,254
869,Sarcoleotia,,254
870,Spatularia,,254
871,Trichoglossum,,254
872,Jamesdicksonia,,255
873,Dentiscutata,,256
874,Gigaspora,,256
875,Scutellospora,,256
876,Gjaerumia,,257
877,Boreostereum,,258
878,Gloeophyllum,,258
879,Neolentinus,,258
880,Osmoporus,,258
881,Veluticeps,,258
882,Funneliformis,,259
883,Glomus,,259
884,Rhizophagus,,259
885,Colletotrichum,,260
886,Glomerella,,260
887,Haplothecium,,260
888,Vermicularia,,260
889,Sorosporium,,261
890,Thecaphora,,261
891,Cenococcum,,262
892,Glonium,,262
893,Psiloglonium,,262
894,Purpurepithecium,,262
895,Apiognomonia,,263
896,Asteroma,,263
897,Bagcheea,,263
898,Cryptodiaporthe,,263
899,Cryptosporella,,263
900,Discula,,263
901,Ditopella,,263
902,Gnomonia,,263
903,Mamiania,,263
904,Mamianiella,,263
905,Ophiognomonia,,263
906,Plagiostoma,,263
907,Ascocalyx,,264
908,Godronia,,264
909,Gremmeniella,,264
910,Golubevia,,265
911,Gautieria,,266
912,Gloeocantharellus,,266
913,Gomphus,,266
914,Phaeoclavulina,,266
915,Ramaria,,266
916,Terenodon,,266
917,Turbinellus,,266
918,Chroogomphus,,267
919,Gomphidius,,267
920,Aderkomyces,,268
921,Aulaxina,,268
922,Echinoplaca,,268
923,Gyalectidium,,268
924,Gyalidea,,268
925,Gyalideopsis,,268
926,Tricharia,,268
927,Gonapodya,,269
928,Acanthothecis,,270
929,Allographa,,270
930,Anomomorpha,,270
931,Carbacanthographis,,270
932,Chroodiscus,,270
933,Diorygma,,270
934,Diploschistes,,270
935,Fissurina,,270
936,Glyphis,,270
937,Graphina,,270
938,Graphis,,270
939,Halegrapha,,270
940,Hemithecium,,270
941,Leiorreuma,,270
942,Leucodecton,,270
943,Myriotrema,,270
944,Ocellularia,,270
945,Pallidogramme,,270
946,Phaeographina,,270
947,Phaeographis,,270
948,Phaeotrema,,270
949,Platygramme,,270
950,Platythecium,,270
951,Pliariona,,270
952,Pseudochapsa,,270
953,Rhabdodiscus,,270
954,Sarcographa,,270
955,Thelotrema,,270
956,Graphiola,,271
957,Biscogniauxia,,272
958,Graphostroma,,272
959,Grifola,マイタケ属,273
960,Gyalecta,,274
961,Ramonia,,274
962,Arachniotus,,275
963,Gymnascella,,275
964,Gymnoascus,,275
965,Gymnosporangium,,276
966,Roestelia,,276
967,Gyroporus,,277
968,Haematomma,,278
969,Alisea,,279
970,Aniptodera,,279
971,Arenariomyces,,279
972,Ceriosporopsis,,279
973,Corollospora,,279
974,Cucullosporella,,279
975,Halosarpheia,,279
976,Halosphaeria,,279
977,Halosphaeriopsis,,279
978,Lignincola,,279
979,Paraaniptodera,,279
980,Remispora,,279
981,Saagaromyces,,279
982,Tubakiella,,279
983,Varicosporina,,279
984,Gremmenia,,280
985,Hamatocanthoscypha,,280
986,Hyalodendriella,,280
987,Microscypha,,280
988,Xenopolyscytalum,,280
989,Harpella,,281
990,Stachylina,,281
991,Helicobasidium,,282
992,Rhopalomyces,,283
993,Gelatinipulvinella,,284
994,Gelatinopsis,,284
995,Echinosphaeria,,285
996,Endophragmiella,,285
997,Kramasamuha,,285
998,Ruzenia,,285
999,Spadicoides,,285
1000,Helocarpon,,286
1001,Ascoclavulina,,287
1002,Bispora,,287
1003,Bisporella,,287
1004,Bulgariella,,287
1005,Crocicreas,,287
1006,Cyathicula,,287
1007,Dicephalospora,,287
1008,Dimorphospora,,287
1009,Durella,,287
1010,Gorgoniceps,,287
1011,Helicodendron,,287
1012,Hymenoscyphus,,287
1013,Pseudohelotium,,287
1014,Pseudospiropes,,287
1015,Roesleria,,287
1016,Scytalidium,,287
1017,Stamnaria,,287
1018,Strossmayeria,,287
1019,Tatraea,,287
1020,Tetracladium,,287
1021,Balsamia,,288
1022,Dissingia,,288
1023,Helvella,,288
1024,Midotis,,288
1025,Dentipellis,,289
1026,Hericium,サンゴハリタケ属,289
1027,Laxitextum,,289
1028,Pseudowrightoporia,,289
1029,Hermatomyces,,290
1030,Capronia,,291
1031,Cladophialophora,,291
1032,Exophiala,,291
1033,Fonsecaea,,291
1034,Metulocladosporiella,,291
1035,Minimelanolocus,,291
1036,Neocladophialophora,,291
1037,Phialophora,,291
1038,Rhacodiopsis,,291
1039,Rhinocladiella,,291
1040,Thysanorea,,291
1041,Veronaea,,291
1042,Heterogastridium,,292
1043,Holtermannia,,293
1044,Myxarium,,294
1045,Cheiromycella,,295
1046,Cistella,,295
1047,Clathrosphaerina,,295
1048,Clavidisculum,,295
1049,Dematioscypha,,295
1050,Eupezizella,,295
1051,Hyalopeziza,,295
1052,Hyaloscypha,,295
1053,Hyphopeziza,,295
1054,Incrupila,,295
1055,Mimicoscypha,,295
1056,Mycoarthris,,295
1057,Polydesmia,,295
1058,Pseudaegerita,,295
1059,Rhizoscyphus,,295
1060,Unguicularia,,295
1061,Unguiculella,,295
1062,Urceolella,,295
1063,Bryoclavula,,296
1064,Cantharellus,アンズタケ属,296
1065,Clavulina,,296
1066,Craterellus,クロラッパタケ属,296
1067,Hydnum,,296
1068,Minimedusa,,296
1069,Multiclavula,,296
1070,Repetobasidium,,296
1071,Sistotrema,,296
1072,Hydnangium,,297
1073,Laccaria,,297
1074,Brevicellicium,,298
1075,Sphaerobasidium,,298
1076,Subulicystidium,,298
1077,Tubulicium,,298
1078,Ampulloclitocybe,,299
1079,Arrhenia,,299
1080,Cantharellula,,299
1081,Chrysomphalina,,299
1082,Cora,,299
1083,Cuphophyllus,,299
1084,Cyphellostereum,,299
1085,Dictyonema,,299
1086,Gliophorus,,299
1087,Gloioxanthomyces,,299
1088,Hygrocybe,,299
1089,Hygrophorus,,299
1090,Lichenomphalia,,299
1091,Neohygrocybe,,299
1092,Porpolomopsis,,299
1093,Hygrophoropsis,,300
1094,Leucogyrophana,,300
1095,Ionaspis,,301
1096,Tremolecia,,301
1097,Coltricia,,302
1098,Coltriciella,,302
1099,Coniferiporia,,302
1100,Cylindrosporus,,302
1101,Erythromyces,,302
1102,Fomitiporella,,302
1103,Fomitiporia,,302
1104,Fulvifomes,,302
1105,Fulvoderma,,302
1106,Fuscoporia,,302
1107,Hastodontia,,302
1108,Hydnoporia,,302
1109,Hymenochaete,,302
1110,Hymenochaetopsis,,302
1111,Inocutis,,302
1112,Inonotopsis,,302
1113,Inonotus,,302
1114,Neomensularia,,302
1115,Ochrosporellus,,302
1116,Onnia,,302
1117,Phellinopsis,,302
1118,Phellinotus,,302
1119,Phellinus,,302
1120,Phylloporia,,302
1121,Polystictus,,302
1122,Porodaedalea,,302
1123,Pseudoinonotus,,302
1124,Pyrrhoderma,,302
1125,Rigidonotus,,302
1126,Sanghuangporus,,302
1127,Tropicoporus,,302
1128,Tubulicrinis,,302
1129,Xanthoporia,,302
1130,Flammula,,303
1131,Galerina,,303
1132,Gymnopilus,,303
1133,Hebeloma,,303
1134,Hymenogaster,,303
1135,Naematoloma,,303
1136,Naucoria,,303
1137,Phaeocollybia,,303
1138,Psilocybe,,303
1139,Hyphoderma,,304
1140,Kneiffia,,304
1141,Metulodontia,,304
1142,Mutatoderma,,304
1143,Glutinomyces,,305
1144,Hyphodiscus,,305
1145,Venturiocistella,,305
1146,Hyphodontia,,306
1147,Kneiffiella,,306
1148,Acrostalagmus,,307
1149,Arachnocrea,,307
1150,Cladobotryum,,307
1151,Diplocladium,,307
1152,Hypocrea,,307
1153,Hypocreopsis,,307
1154,Hypomyces,,307
1155,Kiflimonium,,307
1156,Podostroma,,307
1157,Protocrea,,307
1158,Sphaerostilbella,,307
1159,Stephanoma,,307
1160,Syspastospora,,307
1161,Trichoderma,,307
1162,Discosphaerina,,308
1163,Hyponectria,,308
1164,Physalospora,,308
1165,Annulohypoxylon,,309
1166,Daldinia,,309
1167,Entonaema,,309
1168,Hypoxylon,,309
1169,Jackrogersella,,309
1170,Nodulisporium,,309
1171,Thamnomyces,,309
1172,Hysterangium,,310
1173,Gloniopsis,,311
1174,Hysterium,,311
1175,Hysterobrevium,,311
1176,Hysterographium,,311
1177,Oedohysterium,,311
1178,Dibaeis,,312
1179,Glossodium,,312
1180,Icmadophila,,312
1181,Pseudobaeomyces,,312
1182,Siphula,,312
1183,Thamnolia,,312
1184,Skeletocutis,,313
1185,Tyromyces,,313
1186,Induratia,,314
1187,Inocybe,アセタケ属,315
1188,Inosperma,,315
1189,Mallocybe,,315
1190,Pseudosperma,,315
1191,Byssomerulius,,316
1192,Ceriporia,,316
1193,Efibula,,316
1194,Gloeoporus,,316
1195,Irpex,,316
1196,Leptoporus,,316
1197,Meruliopsis,,316
1198,Resiniporus,,316
1199,Trametopsis,,316
1200,Vitreoporus,,316
1201,Ischnoderma,,317
1202,Jianyunia,,318
1203,Juglanconis,,319
1204,Khaleijomyces,,320
1205,Karstenella,,321
1206,Coemansia,,322
1207,Mycoemilia,,322
1208,Myconymphaea,,322
1209,Pinnaticoemansia,,322
1210,Ramicandelaber,,322
1211,Unguispora,,322
1212,Kirschsteiniothelia,,323
1213,Solicorynespora,,323
1214,Bensingtonia,,324
1215,Kondoa,,324
1216,Libkindia,,325
1217,Meredithblackwellia,,325
1218,Phenoliferia,,325
1219,Yamadamyces,,325
1220,Aporomyces,,326
1221,Cucujomyces,,326
1222,Eucantharomyces,,326
1223,Hesperomyces,,326
1224,Laboulbenia,,326
1225,Rickia,,326
1226,Albotricha,,327
1227,Belonidium,,327
1228,Brunnipila,,327
1229,Capitotricha,,327
1230,Dasyscyphella,,327
1231,Dasyscyphus,,327
1232,Erinella,,327
1233,Erioscyphella,,327
1234,Incrucipulum,,327
1235,Lachnellula,,327
1236,Lachnum,,327
1237,Neodasyscypha,,327
1238,Proliferodiscus,,327
1239,Trichopeziza,,327
1240,Trichoscyphella,,327
1241,Scytinostromella,,328
1242,Laetiporus,ニワトリタケ属,329
1243,Phaeolus,,329
1244,Wolfiporiella,,329
1245,Apiosordaria,,330
1246,Diffractella,,330
1247,Lasiosphaeria,,330
1248,Mammaria,,330
1249,Naemaspora,,330
1250,Zopfiella,,330
1251,Pseudoasteromassaria,,331
1252,Lauriomyces,,332
1253,Laurobasidium,,333
1254,Alyxoria,,334
1255,Clauzadeana,,335
1256,Glaucomaria,,335
1257,Huea,,335
1258,Japewia,,335
1259,Lecanora,,335
1260,Lecidella,,335
1261,Miriquidica,,335
1262,Myriolecis,,335
1263,Omphalodina,,335
1264,Protoparmeliopsis,,335
1265,Straminella,,335
1266,Amygdalaria,,336
1267,Bryobilimbia,,336
1268,Farnoldia,,336
1269,Lecidea,,336
1270,Porpidia,,336
1271,Caudomyces,,337
1272,Pennella,,337
1273,Trichozygospora,,337
1274,Lembosina,,338
1275,Lentamyces,,339
1276,Hydnocristella,,340
1277,Kavinia,,340
1278,Lentaria,,340
1279,Aquilomyces,,341
1280,Katumotoa,,341
1281,Keissleriella,,341
1282,Lentithecium,,341
1283,Neoophiosphaerella,,341
1284,Setoseptoria,,341
1285,Tingoldiago,,341
1286,Lentomitella,,342
1287,Lentoporia,,343
1288,Alatospora,,344
1289,Chlorencoilia,,344
1290,Flagellospora,,344
1291,Leotia,,344
1292,Microglossum,,344
1293,Lepidostroma,,345
1294,Sulzbacheromyces,,345
1295,Leprocaulon,,346
1296,Leptodontidium,,347
1297,Leptosphaeria,,348
1298,Longiseptatispora,,348
1299,Paraleptosphaeria,,348
1300,Plenodomus,,348
1301,Letrouitia,,349
1302,Leucosporidium,,350
1303,Lichenoconium,,351
1304,Ephebe,,352
1305,Gonohymenia,,352
1306,Lichinella,,352
1307,Paulia,,352
1308,Peccania,,352
1309,Phylliscum,,352
1310,Synalissa,,352
1311,Thyrea,,352
1312,Lichtheimia,,353
1313,Rhizomucor,,353
1314,Limnoperdon,,354
1315,Aquimassariosphaeria,,355
1316,Lindgomyces,,355
1317,Lineolata,,356
1318,Babjevia,,357
1319,Lipomyces,,357
1320,Myxozyma,,357
1321,Dendriscosticta,,358
1322,Lobaria,,358
1323,Lobarina,,358
1324,Pseudocyphellaria,,358
1325,Ricasolia,,358
1326,Sticta,,358
1327,Yoshimuriella,,358
1328,Clydaea,,359
1329,Lobulomyces,,359
1330,Crassiperidium,,360
1331,Pseudoxylomyces,,361
1332,Lopadium,,362
1333,Creosphaeria,,363
1334,Lopadostoma,,363
1335,Capulatispora,,364
1336,Crassiclypeus,,364
1337,Lentistoma,,364
1338,Leptoparies,,364
1339,Lophionema,,364
1340,Lophiopoacea,,364
1341,Lophiostoma,,364
1342,Lophiotrema,,364
1343,Muroia,,364
1344,Neovaginatispora,,364
1345,Parapaucispora,,364
1346,Paucispora,,364
1347,Platystomum,,364
1348,Pseudolophiostoma,,364
1349,Pseudopaucispora,,364
1350,Quintaria,,364
1351,Sigarispora,,364
1352,Atrocalyx,,365
1353,Crassimassarina,,365
1354,Cryptoclypeus,,365
1355,Galeaticarpa,,365
1356,Pseudocryptoclypeus,,365
1357,Kohlmeyeriella,,366
1358,Lindra,,366
1359,Lulwoana,,366
1360,Lulwoidea,,366
1361,Apioperdon,,367
1362,Bovista,,367
1363,Bovistella,,367
1364,Bryoperdon,,367
1365,Calvatia,オニフスベ属,367
1366,Langermannia,,367
1367,Morganella,,367
1368,Asterophora,,368
1369,Calocybe,,368
1370,Gerhardtia,,368
1371,Hypsizygus,ブナシメジ属,368
1372,Lyophyllum,シメジ属,368
1373,Ossicaulis,,368
1374,Sagaranella,,368
1375,Tephrocybe,,368
1376,Termitomyces,,368
1377,Macrocystidia,,369
1378,Buergenerula,,370
1379,Clasterosporium,,370
1380,Gaeumannomyces,,370
1381,Mycoleptodiscus,,370
1382,Nakataea,,370
1383,Utrechtiana,,370
1384,Malassezia,,371
1385,Malmidea,,372
1386,Amyloflagellula,,373
1387,Baeospora,,373
1388,Calyptella,,373
1389,Campanella,,373
1390,Chaetocalathus,,373
1391,Clitocybula,,373
1392,Crinipellis,,373
1393,Gerronema,,373
1394,Glabrocyphella,,373
1395,Henningsomyces,,373
1396,Lactocollybia,,373
1397,Marasmius,,373
1398,Moniliophthora,,373
1399,Pleurocybella,,373
1400,Rectipilus,,373
1401,Tetrapyrgos,,373
1402,Trogia,,373
1403,Cyclaneusma,,374
1404,Marthamyces,,374
1405,Propolis,,374
1406,Leptochidium,,375
1407,Massalongia,,375
1408,Polychidium,,375
1409,Decaisnella,,376
1410,Massaria,,376
1411,Exosporium,,377
1412,Helminthosporium,,377
1413,Massarina,,377
1414,Massarinula,,377
1415,Pseudosplanchnonema,,377
1416,Vaginatispora,,377
1417,Bombyliospora,,378
1418,Megaloblastenia,,378
1419,Megalospora,,378
1420,Aspicilia,,379
1421,Lobothallia,,379
1422,Melampsora,,380
1423,Dicarpella,,381
1424,Macrodiaporthe,,381
1425,Melanconis,,381
1426,Melanconium,,381
1427,Pseudovalsella,,381
1428,Stegonsporium,,381
1429,Paraphomopsis,,382
1430,Alpinaria,,383
1431,Beverwykella,,383
1432,Byssosphaeria,,383
1433,Camposporium,,383
1434,Caryosporella,,383
1435,Herpotrichia,,383
1436,Javaria,,383
1437,Melanomma,,383
1438,Phragmocephala,,383
1439,Pleotrichocladium,,383
1440,Pseudotrichia,,383
1441,Sarimanas,,383
1442,Seifertia,,383
1443,Sporidesmiella,,383
1444,Melanotaenium,,384
1445,Melaspilea,,385
1446,Amazonia,,386
1447,Appendiculella,,386
1448,Asteridiella,,386
1449,Haraea,,386
1450,Meliola,,386
1451,Meliolina,,387
1452,Melogramma,,388
1453,Meripilus,,389
1454,Rigidoporus,,389
1455,Aegerita,,390
1456,Aurantiporus,,390
1457,Bulbillomyces,,390
1458,Ceriporiopsis,,390
1459,Climacodon,,390
1460,Crustodontia,,390
1461,Donkia,,390
1462,Hermanssonia,,390
1463,Hydnophanerochaete,,390
1464,Hydnophlebia,,390
1465,Hypochnicium,,390
1466,Irpiciporus,,390
1467,Mycoacia,,390
1468,Mycoleptodonoides,,390
1469,Pappia,,390
1470,Phlebia,,390
1471,Physisporinus,,390
1472,Sarcodontia,,390
1473,Scopuloides,,390
1474,Spongipellis,,390
1475,Metacapnodium,,391
1476,Protoventuria,,391
1477,Clavispora,,392
1478,Metschnikowia,,392
1479,Acaulium,,393
1480,Canariomyces,,393
1481,Cephalotrichum,,393
1482,Gamsia,,393
1483,Graphium,,393
1484,Lophotrichus,,393
1485,Microascus,,393
1486,Parascedosporium,,393
1487,Petriella,,393
1488,Pseudallescheria,,393
1489,Scedosporium,,393
1490,Scopulariopsis,,393
1491,Wardomycopsis,,393
1492,Kalmanago,,394
1493,Microbotryum,,394
1494,Sphacelotheca,,394
1495,Microcalicium,,395
1496,Idriella,,396
1497,Dictyothyrina,,397
1498,Micropeltella,,397
1499,Stigmatodothis,,397
1500,Stomiopeltis,,397
1501,Microstroma,,398
1502,Sympodiomycopsis,,398
1503,Antidactylaria,,399
1504,Asterinella,,399
1505,Hidakaea,,399
1506,Isthmospora,,399
1507,Phragmothyrium,,399
1508,Trichothyriella,,399
1509,Blastospora,,400
1510,Milesina,,401
1511,Minutisphaera,,402
1512,Mixia,,403
1513,Mniaecia,,404
1514,Mollisia,,405
1515,Phialocephala,,405
1516,Tapesia,,405
1517,Trichobelonium,,405
1518,Basipetospora,,406
1519,Monascus,,406
1520,Xeromyces,,406
1521,Moniliella,,407
1522,Anisomeridium,,408
1523,Trypetheliopsis,,408
1524,Disciotis,,409
1525,Imaia,,409
1526,Leucangium,,409
1527,Morchella,アミガサタケ属,409
1528,Verpa,,409
1529,Aquihelicascus,,410
1530,Clypeoloculus,,410
1531,Morosphaeria,,410
1532,Neohelicascus,,410
1533,Actinomortierella,,411
1534,Dissophora,,411
1535,Entomortierella,,411
1536,Gryganskiella,,411
1537,Linnemannia,,411
1538,Lunasporangiospora,,411
1539,Modicella,,411
1540,Mortierella,,411
1541,Podila,,411
1542,Itersonilia,,412
1543,Krasilnikovozyma,,412
1544,Mrakia,,412
1545,Phaffia,,412
1546,Tausonia,,412
1547,Udeniomyces,,412
1548,Xanthophyllomyces,,412
1549,Chaetocladium,,413
1550,Dicranophora,,413
1551,Helicostylum,,413
1552,Mucor,,413
1553,Pilaira,,413
1554,Sporodiniella,,413
1555,Thamnidium,,413
1556,Leptodiscella,,414
1557,Atheniella,,415
1558,Cruentomycena,,415
1559,Favolaschia,,415
1560,Filoboletus,,415
1561,Heimiomyces,,415
1562,Hemimycena,,415
1563,Hydropus,,415
1564,Mycena,,415
1565,Panellus,,415
1566,Resinomycena,,415
1567,Roridomyces,,415
1568,Tectella,,415
1569,Xeromphalina,,415
1570,Chaenothecopsis,,416
1571,Mycocalicium,,416
1572,Phaeocalicium,,416
1573,Stenocybe,,416
1574,Asperisporium,,417
1575,Cercospora,,417
1576,Cercosporella,,417
1577,Cercosporidium,,417
1578,Cercosporina,,417
1579,Chuppomyces,,417
1580,Clarohilum,,417
1581,Collapsimycopappus,,417
1582,Distocercospora,,417
1583,Distocercosporaster,,417
1584,Dothistroma,,417
1585,Eriocercosporella,,417
1586,Euryachora,,417
1587,Fulvia,,417
1588,Fusoidiella,,417
1589,Geastrumia,,417
1590,Graminopassalora,,417
1591,Isariopsis,,417
1592,Lecanosticta,,417
1593,Melanodothis,,417
1594,Miuraea,,417
1595,Mycosphaerella,,417
1596,Mycovellosiella,,417
1597,Neocercospora,,417
1598,Neophloeospora,,417
1599,Neopseudocercosporella,,417
1600,Nothopassalora,,417
1601,Passalora,,417
1602,Phaeoisariopsis,,417
1603,Phaeoramularia,,417
1604,Pluripassalora,,417
1605,Plurivorosphaerella,,417
1606,Polythrincium,,417
1607,Pruniphilomyces,,417
1608,Pseudocercospora,,417
1609,Pseudocercosporella,,417
1610,Ragnhildiana,,417
1611,Ramichloridium,,417
1612,Ramularia,,417
1613,Rhabdospora,,417
1614,Rosisphaerella,,417
1615,Septocylindrium,,417
1616,Septogloeum,,417
1617,Septoria,,417
1618,Sphaerellothecium,,417
1619,Sphaerulina,,417
1620,Stigmidium,,417
1621,Stigmina,,417
1622,Trochophora,,417
1623,Zasmidium,,417
1624,Zymoseptoria,,417
1625,Mycotypha,,418
1626,Myriangium,,419
1627,Myrmecridium,,420
1628,Emericellopsis,,421
1629,Trichothecium,,421
1630,Lophium,,422
1631,Pseudocamaropycnis,,422
1632,Taeniolella,,422
1633,Myxotrichum,,423
1634,Oidiodendron,,423
1635,Naematelia,,424
1636,Tomasellia,,425
1637,Pseudorhypophila,,426
1638,Acremoniopsis,,427
1639,Albonectria,,427
1640,Atractium,,427
1641,Bisifusarium,,427
1642,Calonectria,,427
1643,Campylospora,,427
1644,Chaetopsina,,427
1645,Chaetopsinectria,,427
1646,Ciliciopodium,,427
1647,Cinnamomeonectria,,427
1648,Coccinonectria,,427
1649,Corallomycetella,,427
1650,Corinectria,,427
1651,Cosmospora,,427
1652,Cylindrocarpon,,427
1653,Cylindrocladiella,,427
1654,Cylindrodendrum,,427
1655,Dactylonectria,,427
1656,Dialonectria,,427
1657,Fusarium,,427
1658,Fusicolla,,427
1659,Fusidium,,427
1660,Geejayessia,,427
1661,Gibberella,,427
1662,Gliocephalotrichum,,427
1663,Gliocladiopsis,,427
1664,Hydropisphaera,,427
1665,Ilyonectria,,427
1666,Lisea,,427
1667,Macronectria,,427
1668,Mariannaea,,427
1669,Microcera,,427
1670,Nectria,,427
1671,Nectricladiella,,427
1672,Neocosmospora,,427
1673,Neonectria,,427
1674,Ophionectria,,427
1675,Penicillifer,,427
1676,Pseudocosmospora,,427
1677,Rugonectria,,427
1678,Sarcopodium,,427
1679,Scolecofusarium,,427
1680,Stylonectria,,427
1681,Thelonectria,,427
1682,Tubercularia,,427
1683,Tumenectria,,427
1684,Neoantrodiella,,428
1685,Neocamarosporium,,429
1686,Brevicollum,,430
1687,Crassiparies,,430
1688,Neolecta,,431
1689,Neophysopella,,432
1690,Neopyrenochaeta,,433
1691,Apodus,,434
1692,Cercophora,,434
1693,Jugulospora,,434
1694,Nephroma,,435
1695,Flagelloscypha,,436
1696,Halocyphina,,436
1697,Lachnella,,436
1698,Merismodes,,436
1699,Nia,,436
1700,Peyronelina,,436
1701,Crucibulum,,437
1702,Melanopsamma,,438
1703,Miyakeomyces,,438
1704,Niesslia,,438
1705,Melanoporia,,439
1706,Nigrofomes,,439
1707,Nigrograna,,440
1708,Acanthonitschkea,,441
1709,Fracchiaea,,441
1710,Nitschkia,,441
1711,Nowakowskiella,,442
1712,Ochrolechia,,443
1713,Ochropsora,,444
1714,Beloniella,,445
1715,Olpidium,,446
1716,Anthracophyllum,,447
1717,Collybiopsis,,447
1718,Connopus,,447
1719,Gymnopus,,447
1720,Lentinula,シイタケ属,447
1721,Marasmiellus,,447
1722,Micromphale,,447
1723,Mycetinis,,447
1724,Neonothopanus,,447
1725,Omphalotus,,447
1726,Rhodocollybia,,447
1727,Setulipes,,447
1728,Amauroascus,,448
1729,Aphanoascus,,448
1730,Chrysosporium,,448
1731,Coccidioides,,448
1732,Keratinophyton,,448
1733,Onygena,,448
1734,Ophidiomyces,,448
1735,Cresponea,,449
1736,Fouragea,,449
1737,Nyungwea,,449
1738,Opegrapha,,449
1739,Ophioceras,,450
1740,Albophoma,,451
1741,Elaphocordyceps,,451
1742,Hirsutella,,451
1743,Hymenostilbe,,451
1744,Ophiocordyceps,,451
1745,Paraisaria,,451
1746,Perennicordyceps,,451
1747,Pleurocordyceps,,451
1748,Polycephalomyces,,451
1749,Purpureocillium,,451
1750,Tolypocladium,,451
1751,Hypocenomyce,,452
1752,Ophioparma,,452
1753,Ceratocystiopsis,,453
1754,Dryadomyces,,453
1755,Esteya,,453
1756,Graphilbum,,453
1757,Leptographium,,453
1758,Raffaelea,,453
1759,Sporothrix,,453
1760,Arthrobotrys,,454
1761,Dactylella,,454
1762,Dicranidion,,454
1763,Hyalorbilia,,454
1764,Orbilia,,454
1765,Retiarius,,454
1766,Orphella,,455
1767,Otidea,,456
1768,Oxyporus,,457
1769,Cymatoderma,,458
1770,Panus,,458
1771,Erioderma,,459
1772,Fuscopannaria,,459
1773,Gibbosporina,,459
1774,Kroswia,,459
1775,Lepidocollema,,459
1776,Leptogidium,,459
1777,Pannaria,,459
1778,Parmeliella,,459
1779,Physma,,459
1780,Protopannaria,,459
1781,Psoroma,,459
1782,Santessoniella,,459
1783,Staurolemma,,459
1784,Steineropsis,,459
1785,Aquastroma,,460
1786,Parabambusicola,,460
1787,Paraglomus,,461
1788,Parasympodiella,,462
1789,Alectoria,,463
1790,Anzia,,463
1791,Arctoparmelia,,463
1792,Asahinea,,463
1793,Bryocaulon,,463
1794,Bryoria,,463
1795,Bulbothrix,,463
1796,Canoparmelia,,463
1797,Cetraria,,463
1798,Cetrariella,,463
1799,Cetrariopsis,,463
1800,Cetrelia,,463
1801,Cetreliopsis,,463
1802,Cornicularia,,463
1803,Dolichousnea,,463
1804,Eumitria,,463
1805,Evernia,,463
1806,Flavoparmelia,,463
1807,Flavopunctelia,,463
1808,Gowardia,,463
1809,Hypogymnia,,463
1810,Hypotrachyna,,463
1811,Imshaugia,,463
1812,Letharia,,463
1813,Lethariella,,463
1814,Melanelia,,463
1815,Melanelixia,,463
1816,Melanohalea,,463
1817,Menegazzia,,463
1818,Montanelia,,463
1819,Myelochroa,,463
1820,Nephromopsis,,463
1821,Nipponoparmelia,,463
1822,Oropogon,,463
1823,Parmelia,,463
1824,Parmelina,,463
1825,Parmelinella,,463
1826,Parmeliopsis,,463
1827,Parmotrema,,463
1828,Platismatia,,463
1829,Protoparmelia,,463
1830,Pseudephebe,,463
1831,Pseudevernia,,463
1832,Punctelia,,463
1833,Relicina,,463
1834,Rimelia,,463
1835,Sulcaria,,463
1836,Tuckermannopsis,,463
1837,Tuckermanopsis,,463
1838,Tuckneraria,,463
1839,Usnea,,463
1840,Usnocetraria,,463
1841,Vulpicida,,463
1842,Xanthoparmelia,,463
1843,Parmularia,,464
1844,Parodiella,,465
1845,Dimerium,,466
1846,Patellaria,,467
1847,Rhytidhysteron,,467
1848,Gyrodon,,468
1849,Meiorganum,,468
1850,Melanogaster,,468
1851,Paxillus,,468
1852,Emmanuelia,,469
1853,Peltigera,,469
1854,Solorina,,469
1855,Peltula,,470
1856,Asterostroma,,471
1857,Baltazaria,,471
1858,Dichostereum,,471
1859,Lachnocladium,,471
1860,Peniophora,,471
1861,Scytinostroma,,471
1862,Vararia,,471
1863,Periconia,,472
1864,Parodiopsis,,473
1865,Lepra,,474
1866,Pertusaria,,474
1867,Porina,,474
1868,Sagedia,,474
1869,Segestria,,474
1870,Verseghya,,474
1871,Ciliochorella,,475
1872,Neopestalotiopsis,,475
1873,Pestalotia,,475
1874,Pestalotiopsis,,475
1875,Pseudopestalotiopsis,,475
1876,Seiridium,,475
1877,Adelphella,,476
1878,Chromelosporium,,476
1879,Daleomyces,,476
1880,Iodophanus,,476
1881,Legaliana,,476
1882,Luteoamylascus,,476
1883,Malvipezia,,476
1884,Marcelleina,,476
1885,Oedocephalum,,476
1886,Ostracoderma,,476
1887,Pachyella,,476
1888,Pachyphlodes,,476
1889,Paragalactinia,,476
1890,Peziza,,476
1891,Phylloscypha,,476
1892,Plicariella,,476
1893,Allophylaria,,477
1894,Calycellina,,477
1895,Calycina,,477
1896,Chalara,,477
1897,Gemmina,,477
1898,Mollisina,,477
1899,Psilachnum,,477
1900,Setoscypha,,477
1901,Phacidium,,478
1902,Phaeochora,,479
1903,Lichenostigma,,480
1904,Ampelomyces,,481
1905,Chaetosphaeronema,,481
1906,Eudarluca,,481
1907,Hadrospora,,481
1908,Hawksworthiana,,481
1909,Hendersonia,,481
1910,Metameris,,481
1911,Neosetophoma,,481
1912,Nodulosphaeria,,481
1913,Ophiobolus,,481
1914,Ophiosphaerella,,481
1915,Paraphoma,,481
1916,Phaeoseptoria,,481
1917,Phaeosphaeria,,481
1918,Phaeosphaeriopsis,,481
1919,Piniphoma,,481
1920,Saccharicola,,481
1921,Sclerostagonospora,,481
1922,Septoriella,,481
1923,Setomelanomma,,481
1924,Setophoma,,481
1925,Sphaerellopsis,,481
1926,Stagonospora,,481
1927,Gelidatrema,,482
1928,Phaeotrichum,,483
1929,Cyberlindnera,,484
1930,Starmera,,484
1931,Cerotelium,,485
1932,Kweilingia,,485
1933,Monosporidium,,485
1934,Nothoravenelia,,485
1935,Phakopsora,,485
1936,Pucciniostele,,485
1937,Aseroe,,486
1938,Blumenavia,,486
1939,Clathrus,,486
1940,Ileodictyon,,486
1941,Jansia,,486
1942,Laternea,,486
1943,Lysurus,,486
1944,Mutinus,,486
1945,Phallus,スッポンタケ属,486
1946,Protuberella,,486
1947,Pseudocolus,,486
1948,Protubera,,487
1949,Atheliachaete,,488
1950,Bjerkandera,,488
1951,Hapalopilus,,488
1952,Inflatostereum,,488
1953,Phaeophlebiopsis,,488
1954,Phanerina,,488
1955,Phanerochaete,,488
1956,Phanerodontia,,488
1957,Phlebiopsis,,488
1958,Porostereum,,488
1959,Rhizochaete,,488
1960,Terana,,488
1961,Helicogloea,,489
1962,Phleogena,,489
1963,Phlyctis,,490
1964,Phomatospora,,491
1965,Arthuriomyces,,492
1966,Gerwasia,,492
1967,Hamaspora,,492
1968,Kuehneola,,492
1969,Phragmidium,,492
1970,Phragmotelium,,492
1971,Xenodochus,,492
1972,Phycomyces,,493
1973,Spinellus,,493
1974,Bagnisiopsis,,494
1975,Catacauma,,494
1976,Coccodiella,,494
1977,Endodothella,,494
1978,Phyllachora,,494
1979,Polystigma,,494
1980,Rehmiodothis,,494
1981,Trabutiella,,494
1982,Guignardia,,495
1983,Phyllosticta,,495
1984,Phyllostictina,,495
1985,Phyllotopsis,,496
1986,Anastrophella,,497
1987,Armillaria,ナラタケ属,497
1988,Cibaomyces,,497
1989,Cryptomarasmius,,497
1990,Cylindrobasidium,,497
1991,Cyptotrama,,497
1992,Desarmillaria,,497
1993,Flammulina,エノキタケ属,497
1994,Gloiocephala,,497
1995,Hymenopellis,,497
1996,Mucidula,,497
1997,Oudemansiella,,497
1998,Paraxerula,,497
1999,Physalacria,,497
2000,Ponticulomyces,,497
2001,Rhodotus,,497
2002,Strobilurus,,497
2003,Xerula,,497
2004,Anaptychia,,498
2005,Heterodermia,,498
2006,Huriopsis,,498
2007,Hyperphyscia,,498
2008,Johnsheardia,,498
2009,Kashiwadia,,498
2010,Klauskalbia,,498
2011,Kurokawia,,498
2012,Leucodermia,,498
2013,Mischoblastia,,498
2014,Phaeophyscia,,498
2015,Physcia,,498
2016,Physciella,,498
2017,Physconia,,498
2018,Poeltonia,,498
2019,Polyblastidium,,498
2020,Rinodina,,498
2021,Physoderma,,499
2022,Nakazawaea,,500
2023,Pileolaria,,501
2024,Pilobolus,,502
2025,Piptocephalis,,504
2026,Syncephalis,,504
2027,Piskurozyma,,505
2028,Solicoccozyma,,505
2029,Achroceratosphaeria,,506
2030,Placynthium,,507
2031,Planistromella,,508
2032,Glomopsis,,509
2033,Platygloea,,509
2034,Gibellulopsis,,510
2035,Musicillium,,510
2036,Musidium,,510
2037,Paragibellulopsis,,510
2038,Plectosphaerella,,510
2039,Sodiomyces,,510
2040,Verticillium,,510
2041,Asteromassaria,,511
2042,Pleomassaria,,511
2043,Prosthemium,,511
2044,Scolicosporium,,511
2045,Splanchnonema,,511
2046,Pleohelicoon,,512
2047,Alternaria,,513
2048,Alternariaster,,513
2049,Asteromyces,,513
2050,Bipolaris,,513
2051,Cochliobolus,,513
2052,Curvularia,,513
2053,Decorospora,,513
2054,Drechslera,,513
2055,Exserohilum,,513
2056,Paradendryphiella,,513
2057,Pleospora,,513
2058,Pyrenophora,,513
2059,Stemphylium,,513
2060,Typhicola,,513
2061,Wettsteinina,,513
2062,Venustampulla,,514
2063,Pleurostoma,,515
2064,Hohenbuehelia,,516
2065,Nothopanus,,516
2066,Pleurotus,ヒラタケ属,516
2067,Resupinatus,,516
2068,Pleurothecium,,517
2069,Rhexoacrodictys,,517
2070,Cadophora,,518
2071,Cylindrosporium,,518
2072,Mycochaetophora,,518
2073,Neospermospora,,518
2074,Oculimacula,,518
2075,Pyrenopeziza,,518
2076,Rhynchobrunnera,,518
2077,Rhynchosporium,,518
2078,Pluteus,,519
2079,Volvariella,,519
2080,Volvopluteus,,519
2081,Podonectria,,520
2082,Abortiporus,,521
2083,Podoscypha,,521
2084,Cladorrhinum,,522
2085,Podospora,,522
2086,Triangularia,,522
2087,Abundisporus,,523
2088,Amauroderma,,523
2089,Cellulariella,,523
2090,Cerioporus,,523
2091,Coriolopsis,,523
2092,Coriolus,,523
2093,Cryptoporus,,523
2094,Cubamyces,,523
2095,Cyanosporus,,523
2096,Daedaleopsis,,523
2097,Dichomitus,,523
2098,Diplomitoporus,,523
2099,Earliella,,523
2100,Echinochaete,,523
2101,Epithele,,523
2102,Erastia,,523
2103,Fabisporus,,523
2104,Favolus,,523
2105,Fomes,,523
2106,Fomitella,,523
2107,Funalia,,523
2108,Ganoderma,マンネンタケ属,523
2109,Grammothele,,523
2110,Haploporus,,523
2111,Hexagonia,,523
2112,Hornodermoporus,,523
2113,Laccocephalum,,523
2114,Lentinus,,523
2115,Lenzites,,523
2116,Lopharia,,523
2117,Loweporus,,523
2118,Mariorajchenbergia,,523
2119,Megasporia,,523
2120,Megasporoporia,,523
2121,Melanoderma,,523
2122,Microporellus,,523
2123,Microporus,,523
2124,Neofavolus,,523
2125,Neofomitella,,523
2126,Pachykytospora,,523
2127,Perenniporia,,523
2128,Perenniporiopsis,,523
2129,Picipes,,523
2130,Podofomes,,523
2131,Polyporus,,523
2132,Poria,,523
2133,Poriella,,523
2134,Porogramme,,523
2135,Poronidulus,,523
2136,Pseudofavolus,,523
2137,Rhodonia,,523
2138,Royoporus,,523
2139,Theleporus,,523
2140,Tinctoporellus,,523
2141,Tomophagus,,523
2142,Trachyderma,,523
2143,Trametes,カワラタケ属,523
2144,Truncospora,,523
2145,Vanderbylia,,523
2146,Yuchengia,,523
2147,Dothidella,,524
2148,Pseudosagedia,,525
2149,Hydropodia,,526
2150,Phloeomana,,526
2151,Porotheleum,,526
2152,Pseudohydropus,,526
2153,Saitoella,,527
2154,Candolleomyces,,528
2155,Coprinellus,,528
2156,Coprinopsis,ヒトヨタケ属,528
2157,Cystoagaricus,,528
2158,Homophron,,528
2159,Kauffmania,,528
2160,Lacrymaria,,528
2161,Narcissea,,528
2162,Ozonium,,528
2163,Parasola,,528
2164,Psathyrella,,528
2165,Tulosesus,,528
2166,Typhrasa,,528
2167,Geomyces,,529
2168,Gymnostellatospora,,529
2169,Pseudeurotium,,529
2170,Pseudogymnoascus,,529
2171,Bonomyces,,530
2172,Pseudoclitocybe,,530
2173,Petrakia,,531
2174,Pseudohalonectria,,532
2175,Pseudolophiotrema,,533
2176,Leiosphaerella,,534
2177,Pseudomassaria,,534
2178,Pseudombrophila,,535
2179,Nematostoma,,536
2180,Pseudopyrenochaeta,,537
2181,Brianaria,,538
2182,Protoblastenia,,538
2183,Psora,,538
2184,Psorula,,538
2185,Actiniceps,,539
2186,Pterula,,539
2187,Pterulicium,,539
2188,Aecidium,,540
2189,Caeoma,,540
2190,Coleopucciniella,,540
2191,Endophyllum,,540
2192,Miyagia,,540
2193,Novopuccinia,,540
2194,Peristemma,,540
2195,Pseudocerradoa,,540
2196,Puccinia,,540
2197,Stereostratum,,540
2198,Uredo,,540
2199,Uromyces,,540
2200,Xenostele,,540
2201,Zaghouania,,540
2202,Calyptospora,,541
2203,Hyalopsora,,541
2204,Melampsorella,,541
2205,Melampsoridium,,541
2206,Naohidemyces,,541
2207,Peridiopsora,,541
2208,Pucciniastrum,,541
2209,Thekopsora,,541
2210,Uredinopsis,,541
2211,Dietelia,,542
2212,Endophylloides,,542
2213,Pulvinula,,543
2214,Punctularia,,544
2215,Pycnoporellus,,545
2216,Anthracothecium,,546
2217,Pyrenula,,546
2218,Pyrgillus,,546
2219,Proxipyricularia,,547
2220,Pyricularia,,547
2221,Xenopyricularia,,547
2222,Aleuria,,548
2223,Aleurina,,548
2224,Anthracobia,,548
2225,Ascosparassis,,548
2226,Byssonectria,,548
2227,Cheilymenia,,548
2228,Genea,,548
2229,Geneosperma,,548
2230,Geopyxis,,548
2231,Humaria,,548
2232,Hydnocystis,,548
2233,Jafnea,,548
2234,Lamprospora,,548
2235,Leucoscypha,,548
2236,Melastiza,,548
2237,Neottiella,,548
2238,Octospora,,548
2239,Plicaria,,548
2240,Pyronema,,548
2241,Ramsbottomia,,548
2242,Scutellinia,,548
2243,Sowerbyella,,548
2244,Sphaerosporella,,548
2245,Spooneromyces,,548
2246,Tarzetta,,548
2247,Trichaleurina,,548
2248,Tricharina,,548
2249,Trichophaea,,548
2250,Trichophaeopsis,,548
2251,Aphanobasidium,,549
2252,Radulomyces,,549
2253,Bacidia,,550
2254,Bacidina,,550
2255,Badimia,,550
2256,Biatora,,550
2257,Cliostomum,,550
2258,Eschatogonia,,550
2259,Ivanpisutia,,550
2260,Lecania,,550
2261,Lopezaria,,550
2262,Phyllopsora,,550
2263,Ramalina,,550
2264,Toninia,,550
2265,Wolseleyidea,,550
2266,Ramboldia,,551
2267,Diorchidium,,552
2268,Hapalophragmium,,552
2269,Kernkampella,,552
2270,Nyssopsora,,552
2271,Ravenelia,,552
2272,Triphragmium,,552
2273,Lawrynomyces,,553
2274,Skvortzovia,,553
2275,Blastophorum,,554
2276,Rhodoveronaea,,555
2277,Xylolentia,,555
2278,Rhamphospora,,556
2279,Psilopezia,,557
2280,Rhizina,,557
2281,Catolechia,,558
2282,Rhizocarpon,,558
2283,Rhizophlyctis,,559
2284,Rhizophydium,,560
2285,Rhizopus,,561
2286,Syzygites,,561
2287,Rhizopogon,,562
2288,Papiliotrema,,563
2289,Bifusella,,564
2290,Coccomyces,,564
2291,Colpoma,,564
2292,Davisomycella,,564
2293,Discocainia,,564
2294,Hypoderma,,564
2295,Lirula,,564
2296,Lophodermium,,564
2297,Lophomerum,,564
2298,Macroderma,,564
2299,Rhytisma,,564
2300,Alloclavaria,,565
2301,Cotylidia,,565
2302,Loreleia,,565
2303,Peniophorella,,565
2304,Resinicium,,565
2305,Rickenella,,565
2306,Sidera,,565
2307,Robbauera,,566
2308,Robillarda,,567
2309,Chiodecton,,568
2310,Dichosporidium,,568
2311,Enterographa,,568
2312,Gyrographa,,568
2313,Mazosia,,568
2314,Perigrapha,,568
2315,Pulvinodecton,,568
2316,Roccellina,,568
2317,Schismatomma,,568
2318,Rogerpetersonia,,569
2319,Neoroussoella,,570
2320,Roussoella,,570
2321,Roussoellopsis,,570
2322,Ruinenia,,571
2323,Arcangeliella,,572
2324,Gloeopeniophorella,,572
2325,Lactarius,チチタケ属,572
2326,Lactifluus,,572
2327,Multifurca,,572
2328,Russula,ベニタケ属,572
2329,Zelleromyces,,572
2330,Lambertella,,573
2331,Lanzia,,573
2332,Poculum,,573
2333,Rutstroemia,,573
2334,Citeromyces,,574
2335,Debaryomyces,,574
2336,Dekkera,,574
2337,Grigorovia,,574
2338,Issatchenkia,,574
2339,Kazachstania,,574
2340,Kluyveromyces,,574
2341,Kodamaea,,574
2342,Kregervanrija,,574
2343,Kuraishia,,574
2344,Kurtzmaniella,,574
2345,Lachancea,,574
2346,Lodderomyces,,574
2347,Martiniozyma,,574
2348,Nakaseomyces,,574
2349,Naumovozyma,,574
2350,Ogataea,,574
2351,Pichia,,574
2352,Saccharomyces,,574
2353,Saturnispora,,574
2354,Schwanniomyces,,574
2355,Tetrapisispora,,574
2356,Torulaspora,,574
2357,Vanderwaltozyma,,574
2358,Zygosaccharomyces,,574
2359,Zygotorulaspora,,574
2360,Hanseniaspora,,575
2361,Nadsonia,,575
2362,Saccharomycodes,,575
2363,Wickerhamia,,575
2364,Ambrosiozyma,,576
2365,Saccharomycopsis,,576
2366,Aureobasidium,,577
2367,Metasphaeria,,577
2368,Pseudoseptoria,,577
2369,Selenophoma,,577
2370,Sakaguchia,,578
2371,Sarcomyxa,,579
2372,Sarcoporia,,580
2373,Cookeina,,581
2374,Microstoma,,581
2375,Phillipsia,,581
2376,Pithya,,581
2377,Sarcoscypha,,581
2378,Conoplea,,582
2379,Donadinia,,582
2380,Galiella,,582
2381,Korfiella,,582
2382,Plectania,,582
2383,Pseudoplectania,,582
2384,Strumella,,582
2385,Urnula,,582
2386,Sarea,,583
2387,Zythia,,583
2388,Sarocladium,,584
2389,Loxospora,,585
2390,Canalisporium,,586
2391,Savoryella,,586
2392,Ropalospora,,587
2393,Coniella,,588
2394,Porodisculus,,589
2395,Schizophyllum,,589
2396,Echinoporia,,590
2397,Leucophellinus,,590
2398,Paratrichaptum,,590
2399,Schizopora,,590
2400,Xylodon,,590
2401,Hasegawaea,,591
2402,Schizosaccharomyces,,591
2403,Phragmothyriella,,592
2404,Schizothyrium,,592
2405,Sclerococcum,,593
2406,Pisolithus,,594
2407,Scleroderma,,594
2408,Sclerogaster,,595
2409,Botryotinia,,596
2410,Botrytis,,596
2411,Ciboria,,596
2412,Ciborinia,,596
2413,Clarireedia,,596
2414,Dumontinia,,596
2415,Grovesinia,,596
2416,Haradamyces,,596
2417,Hinomyces,,596
2418,Moellerodiscus,,596
2419,Monilia,,596
2420,Monilinia,,596
2421,Mycopappus,,596
2422,Ovulinia,,596
2423,Phaeosclerotinia,,596
2424,Piceomphale,,596
2425,Redheadia,,596
2426,Scleromitrula,,596
2427,Sclerotinia,,596
2428,Septotis,,596
2429,Stromatinia,,596
2430,Valdensinia,,596
2431,Scoliciosporum,,597
2432,Chaetospermum,,598
2433,Sebacina,,598
2434,Septobasidium,,599
2435,Serpula,,600
2436,Seuratia,,601
2437,Shiraia,,602
2438,Fibulobasidium,,603
2439,Sirobasidium,,603
2440,Sistotremastrum,,604
2441,Trechispora,,605
2442,Didymopsorella,,606
2443,Skierka,,606
2444,Lasiobelonium,,607
2445,Trichopezizella,,607
2446,Neurospora,,608
2447,Sordaria,,608
2448,Sparassis,ハナビラタケ属,609
2449,Bunodophoron,,610
2450,Sphaerophorus,,610
2451,Sphaerophragmium,,611
2452,Sphinctrina,,612
2453,Phyllozyma,,613
2454,Gaertneriomyces,,614
2455,Spizellomyces,,614
2456,Rhodosporidiobolus,,615
2457,Rhodotorula,,615
2458,Sporidiobolus,,615
2459,Sporobolomyces,,615
2460,Discostroma,,616
2461,Seimatosporium,,616
2462,Pleophragmia,,617
2463,Preussia,,617
2464,Sporormiella,,617
2465,Westerdykella,,617
2466,Dissoderma,,618
2467,Albifimbria,,619
2468,Brevistachys,,619
2469,Hymenopsis,,619
2470,Inaequalispora,,619
2471,Myrothecium,,619
2472,Myxospora,,619
2473,Paramyrothecium,,619
2474,Scopinella,,619
2475,Septomyrothecium,,619
2476,Sirastachys,,619
2477,Stachybotrys,,619
2478,Striaticonidium,,619
2479,Antrodiella,,620
2480,Butyrea,,620
2481,Flaviporus,,620
2482,Junghuhnia,,620
2483,Loweomyces,,620
2484,Metuloidea,,620
2485,Mycorrhaphium,,620
2486,Niemelaea,,620
2487,Nigroporus,,620
2488,Steccherinum,,620
2489,Trullella,,620
2490,Xanthoporus,,620
2491,Lindtneria,,621
2492,Myriococcum,,621
2493,Acanthobasidium,,622
2494,Acanthophysium,,622
2495,Aleurocystidiellum,,622
2496,Aleurodiscus,,622
2497,Conferticium,,622
2498,Coniophorafomes,,622
2499,Gloeocystidiellum,,622
2500,Gloeosoma,,622
2501,Haloaleurodiscus,,622
2502,Megalocystidium,,622
2503,Neoaleurodiscus,,622
2504,Stereum,,622
2505,Xylobolus,,622
2506,Lepraria,,623
2507,Stereocaulon,,623
2508,Stereopsis,,624
2509,Cryptodiscus,,625
2510,Ingvariella,,625
2511,Petractis,,625
2512,Stictis,,625
2513,Trinathotrema,,625
2514,Dichoporis,,626
2515,Oletheriostrigula,,626
2516,Puiggariella,,626
2517,Racoplaca,,626
2518,Strigula,,626
2519,Swinscowia,,626
2520,Agrocybe,,627
2521,Deconica,,627
2522,Hypholoma,クリタケ属,627
2523,Kuehneromyces,,627
2524,Leratiomyces,,627
2525,Melanotus,,627
2526,Pholiota,ナメコ属,627
2527,Protostropharia,,627
2528,Pyrrhulomyces,,627
2529,Stropharia,,627
2530,Boletinus,,628
2531,Suillus,ヌメリイグチ属,628
2532,Sulcatispora,,629
2533,Sillia,,630
2534,Stegophora,,630
2535,Symbiotaphrina,,631
2536,Symmetrospora,,632
2537,Ochroconis,,633
2538,Pseudosigmoidea,,633
2539,Scolecobasidium,,633
2540,Veronaeopsis,,633
2541,Verruconis,,633
2542,Circinella,,634
2543,Syncephalastrum,,634
2544,Miyabella,,635
2545,Synchytrium,,635
2546,Synnemasporella,,636
2547,Protomyces,,637
2548,Taphridium,,637
2549,Taphrina,,637
2550,Bondarcevomyces,,638
2551,Pseudomerulius,,638
2552,Tapinella,,638
2553,Aurantiascoma,,640
2554,Chaetomastia,,640
2555,Telimena,,641
2556,Athallia,,642
2557,Blastenia,,642
2558,Brownliella,,642
2559,Calogaya,,642
2560,Caloplaca,,642
2561,Fauriea,,642
2562,Flavoplaca,,642
2563,Gyalolechia,,642
2564,Leproplaca,,642
2565,Mikhtomia,,642
2566,Neobrownliella,,642
2567,Opeltia,,642
2568,Orientophila,,642
2569,Oxneria,,642
2570,Oxneriopsis,,642
2571,Rufoplaca,,642
2572,Seawardiella,,642
2573,Squamulea,,642
2574,Verrucoplaca,,642
2575,Xanthoria,,642
2576,Yoshimuria,,642
2577,Zeroviella,,642
2578,Calvitimela,,643
2579,Mycoblastus,,643
2580,Tephromela,,643
2581,Acidomyces,,644
2582,Acrodontium,,644
2583,Hortaea,,644
2584,Stenella,,644
2585,Ernakulamia,,645
2586,Polyplosphaeria,,645
2587,Pseudotetraploa,,645
2588,Quadricrura,,645
2589,Tetraploa,,645
2590,Triplosphaeria,,645
2591,Antarctomyces,,646
2592,Ascophanus,,646
2593,Thelebolus,,646
2594,Phellodon,,647
2595,Polyozellus,,647
2596,Thelephora,,647
2597,Tomentella,,647
2598,Thelocarpon,,648
2599,Massariosphaeria,,649
2600,Thyridaria,,649
2601,Thyridium,,650
2602,Thyronectria,,650
2603,Tilachlidium,,651
2604,Conidiosporomyces,,652
2605,Neovossia,,652
2606,Tilletia,,652
2607,Phragmotaenium,,653
2608,Phaeoacremonium,,654
2609,Torpedospora,,655
2610,Dendryphiella,,656
2611,Dendryphion,,656
2612,Torula,,656
2613,Tranzschelia,,657
2614,Kleopowiella,,658
2615,Placopsis,,658
2616,Placynthiella,,658
2617,Rimularia,,658
2618,Trapelia,,658
2619,Trapeliopsis,,658
2620,Trematosphaeria,,659
2621,Phaeotremella,,660
2622,Tremella,シロキクラゲ属,660
2623,Tremellodendropsis,,661
2624,Ascospirella,,662
2625,Trichocoma,,662
2626,Aspropaxillus,,663
2627,Clitocybe,,663
2628,Collybia,,663
2629,Cystoderma,,663
2630,Delicatula,,663
2631,Dermoloma,,663
2632,Infundibulicybe,,663
2633,Lepista,,663
2634,Leucocalocybe,,663
2635,Leucocortinarius,,663
2636,Leucocybe,,663
2637,Leucoinocybe,,663
2638,Megacollybia,,663
2639,Melanoleuca,,663
2640,Paralepista,,663
2641,Paralepistopsis,,663
2642,Phaeolepiota,,663
2643,Pleurella,,663
2644,Porpoloma,,663
2645,Rimbachia,,663
2646,Ripartites,,663
2647,Singerocybe,,663
2648,Squamanita,,663
2649,Tricholoma,キシメジ属,663
2650,Tricholomopsis,,663
2651,Tricholosporum,,663
2652,Alatosessilispora,,664
2653,Knufia,,664
2654,Spencermartinsiella,,665
2655,Sugiyamaella,,665
2656,Wickerhamiella,,665
2657,Zygoascus,,665
2658,Brachysporium,,666
2659,Koorchaloma,,666
2660,Nigrospora,,666
2661,Trichosphaeria,,666
2662,Apiotrichum,,667
2663,Cutaneotrichosporon,,667
2664,Pascua,,667
2665,Prillingera,,667
2666,Trichothyrium,,668
2667,Cudoniella,,669
2668,Helotium,,669
2669,Spirosphaera,,669
2670,Tricladium,,669
2671,Trigonopsis,,670
2672,Saitozyma,,671
2673,Sugitazyma,,671
2674,Trimorphomyces,,671
2675,Tritirachium,,672
2676,Arthopyrenia,,673
2677,Bogoriella,,673
2678,Macroconstrictolumina,,673
2679,Trypethelium,,673
2680,Viridothelium,,673
2681,Apiognomonioides,,674
2682,Involutiscutellula,,674
2683,Oblongisporothyrium,,674
2684,Paratubakia,,674
2685,Tubakia,,674
2686,Cyclocybe,,675
2687,Flammulaster,,675
2688,Hemistropharia,,675
2689,Phaeomarasmius,,675
2690,Tubaria,,675
2691,Tuber,,676
2692,Acanthohelicospora,,677
2693,Acanthostigmina,,677
2694,Chaetosphaerulina,,677
2695,Dematiohelicoma,,677
2696,Helicoma,,677
2697,Helicomyces,,677
2698,Helicosporium,,677
2699,Helicotruncatum,,677
2700,Neohelicomyces,,677
2701,Neohelicosporium,,677
2702,Parahelicomyces,,677
2703,Pendulispora,,677
2704,Puttemansia,,677
2705,Tubeufia,,677
2706,Uredinophila,,677
2707,Tulasnella,,678
2708,Claussenomyces,,679
2709,Dendrostilbella,,679
2710,Tympanis,,679
2711,Vexillomyces,,679
2712,Macrotyphula,,680
2713,Pistillaria,,680
2714,Sclerotium,,680
2715,Typhula,,680
2716,Tzeanania,,681
2717,Umbelopsis,,682
2718,Lasallia,,683
2719,Umbilicaria,,683
2720,Xylopsora,,683
2721,Unilacryma,,684
2722,Mundkurella,,685
2723,Urocystis,,685
2724,Ustacystis,,685
2725,Vankya,,685
2726,Leucotelium,,686
2727,Macruropyxis,,686
2728,Prospodium,,686
2729,Anthracocystis,,687
2730,Bambusiomyces,,687
2731,Dirkmeia,,687
2732,Franzpetrakia,,687
2733,Macalpinomyces,,687
2734,Melanopsichium,,687
2735,Moesziomyces,,687
2736,Mycosarcoma,,687
2737,Pseudozyma,,687
2738,Sporisorium,,687
2739,Tranzscheliella,,687
2740,Ustilago,,687
2741,Vahliella,,688
2742,Amphiporthe,,689
2743,Cytospora,,689
2744,Hypospilina,,689
2745,Valsa,,689
2746,Myrmaecium,,690
2747,Valsaria,,690
2748,Didymobotryum,,691
2749,Varicellaria,,692
2750,Acantharia,,693
2751,Anungitea,,693
2752,Coleroa,,693
2753,Fusicladium,,693
2754,Gibbera,,693
2755,Rhizosphaera,,693
2756,Rosenscheldiella,,693
2757,Venturia,,693
2758,Agonimia,,694
2759,Catapyrenium,,694
2760,Clavascidium,,694
2761,Dermatocarpon,,694
2762,Endocarpon,,694
2763,Flakea,,694
2764,Hydropunctaria,,694
2765,Lauderlindsaya,,694
2766,Melanotheca,,694
2767,Neocatapyrenium,,694
2768,Normandina,,694
2769,Parmentaria,,694
2770,Placocarpus,,694
2771,Psoroglaena,,694
2772,Verrucaria,,694
2773,Wahlenbergiella,,694
2774,Willeya,,694
2775,Leucovibrissea,,695
2776,Vibrissea,,695
2777,Cytidia,,696
2778,Vuilleminia,,696
2779,Wallemia,,697
2780,Barnettozyma,,698
2781,Wickerhamomyces,,698
2782,Wiesneriomyces,,699
2783,Wynnea,,700
2784,Phlebiella,,701
2785,Xenasma,,701
2786,Xenasmatella,,701
2787,Anthostomella,,702
2788,Ascotricha,,702
2789,Astrocystis,,702
2790,Calceomyces,,702
2791,Circinotrichum,,702
2792,Collodiscula,,702
2793,Coniolariella,,702
2794,Cryptostroma,,702
2795,Dematophora,,702
2796,Digitodochium,,702
2797,Halorosellinia,,702
2798,Hansfordia,,702
2799,Kretzschmaria,,702
2800,Kretzschmariella,,702
2801,Lanceispora,,702
2802,Nemania,,702
2803,Neoxylaria,,702
2804,Plectosphaera,,702
2805,Podosordaria,,702
2806,Rosellinia,,702
2807,Stilbohypoxylon,,702
2808,Virgaria,,702
2809,Whalleya,,702
2810,Xylaria,,702
2811,Xylosphaera,,702
2812,Lithographa,,703
2813,Hemileia,,704
2814,Zoophagus,,705
2815,Zygophlyctis,,706
